{
  "applicationId": "85620128-c26d-4b19-b9ff-2e0a50726f46",
  "type": "DOCUMENT_PACKAGE",
  "name": "Counter Offer",
  "description": "Below is the counter offer details for your loan. Please look over at your earliest convenience",
  "envelopes": [
    {
      "providerType": "OFFER1",
      "recipients": [
        {
          "partyId": "567c3297-d92c-4558-bfad-d987101804a9",
          "metadata": {
            "termDetails": [
              {
                "title": "Loan Details",
                "lineItems": [
                  {
                    "name": "Requested Amount",
                    "value": "$250,000"
                  },
                  {
                    "name": "Payment due date",
                    "value": "Every 1st"
                  }
                ]
              }
            ],
            "documents": [
              {
                "documentId": "a9ca6c16-ba33-4ccc-a14c-c4c7ce57f6e2",
                "name": "TEST - View terms and conditions"
              }
            ]
          }
        }
      ]
    }
  ]
}