{
  "type": "object",
  "required": [
    "applicationId",
    "type",
    "envelopes"
  ],
  "properties": {
    "applicationId": {
      "type": "string",
      "description": "The Blend application UUID",
      "example": "b2006a70-a19c-4b9f-973d-3a561e159061"
    },
    "type": {
      "$ref": "#/PackageType"
    },
    "foreignPackageId": {
      "type": "string",
      "description": "External package id provided by partner",
      "example": "b2006f70-a19c-4b9f-973d-3a561e159061"
    },
    "name": {
      "type": "string",
      "description": "An optional name for the package",
      "example": "Closing Disclosure"
    },
    "description": {
      "type": "string",
      "description": "An optional description of the package",
      "example": "Closing Disclosure with exceptions"
    },
    "dueDate": {
      "type": "string",
      "description": "The ISO timestamp of when the package is due",
      "example": "2020-04-19T02:35:00.789Z"
    },
    "envelopes": {
      "type": "array",
      "minItems": 1,
      "description": "An envelope describes the signing strategy and the recipient assignment within the package.",
      "items": {
        "anyOf": [
          {
            "$ref": "#/OfferEnvelopePostSchema"
          }
        ]
      }
    }
  },
  "PackageType": {
    "type": "string",
    "description": "Package type",
    "enum": [
      "INITIAL_LOAN_ESTIMATE",
      "REVISED_LOAN_ESTIMATE",
      "CLOSING_DISCLOSURE",
      "REVISED_CLOSING_DISCLOSURE",
      "OTHER_DISCLOSURE",
      "DOCUMENT_PACKAGE"
    ],
    "example": "CLOSING_DISCLOSURE"
  },
  "OfferEnvelopePostSchema": {
    "title": "OFFER",
    "type": "object",
    "required": [
      "providerType",
      "recipients"
    ],
    "properties": {
      "providerType": {
        "type": "string",
        "enum": [
          "OFFER"
        ]
      },
      "recipients": {
        "type": "array",
        "items": {
          "$ref": "#/OfferEnvelopeRecipientPostSchema"
        }
      }
    }
  },
  "EnvelopesRecipientPostSchema": {
    "type": "object",
    "required": [
      "partyId",
      "metadata"
    ],
    "properties": {
      "partyId": {
        "type": "string",
        "description": "The Blend party UUID",
        "example": "c2006a70-a19c-4b9f-973d-3a561e159063"
      }
    }
  },
  "OfferEnvelopeRecipientPostSchema": {
    "allOf": [
      {
        "$ref": "#/EnvelopesRecipientPostSchema"
      },
      {
        "type": "object"
      }
    ],
    "properties": {
      "metadata": {
        "$ref": "#/OfferPostMetadataSchema"
      }
    }
  },
  "OfferPostMetadataSchema": {
    "type": "object",
    "required": [
      "documents"
    ],
    "properties": {
      "termDetails": {
        "type": "array",
        "items": {
          "type": "object",
          "required": [
            "title",
            "lineItems"
          ],
          "properties": {
            "title": {
              "type": "string",
              "description": "The title of the section",
              "example": "Final Details"
            },
            "lineItems": {
              "type": "array",
              "items": {
                "type": "object",
                "required": [
                  "name",
                  "value"
                ],
                "properties": {
                  "name": {
                    "type": "string",
                    "description": "The name of line item",
                    "example": "Loan Amount"
                  },
                  "value": {
                    "type": "string",
                    "description": "The value of the line item (as is)",
                    "example": "$100.00"
                  }
                }
              }
            }
          }
        }
      }
    }
  }
}